{"cameraMode":{"drawMode":0,"name":"Shaded","section":"Shading Mode"},"sceneLighting":true,"audioPlay":false,"sceneViewState":{"showFog":false,"showMaterialUpdate":false,"showSkybox":false,"showFlares":false,"showImageEffects":false,"showParticleSystems":false},"in2DMode":false,"pivot":{"x":-2.2516374588012697,"y":9.798254013061524,"z":-1.0826659202575684},"rotation":{"x":-0.1363406479358673,"y":-0.024666203185915948,"z":0.003398920176550746,"w":-0.9903523921966553},"size":2.4176759719848635,"orthographic":false}